passage_id,brand,knn_pred,knn_prob,tfidf_pred,tfidf_prob,agree
1,H&M,1,0.5714,0,0.4593,False
4,H&M,1,0.5714,0,0.4268,False
5,H&M,1,0.5714,0,0.4635,False
6,H&M,1,0.5714,0,0.4565,False
7,H&M,1,0.5714,0,0.4532,False
9,H&M,1,0.7143,0,0.4866,False
10,H&M,1,0.5714,0,0.4563,False
13,H&M,1,0.5714,0,0.4684,False
18,H&M,1,0.7143,0,0.4975,False
21,H&M,1,0.7143,0,0.4954,False
24,H&M,0,0.4286,1,0.5403,False
27,H&M,1,0.7143,0,0.4928,False
31,H&M,1,0.7143,0,0.4569,False
36,H&M,1,0.8571,0,0.493,False
38,H&M,1,0.7143,0,0.4726,False
39,H&M,1,1.0,0,0.42,False
40,H&M,1,0.5714,0,0.4585,False
41,H&M,1,0.7143,0,0.4693,False
42,H&M,1,0.7143,0,0.457,False
69,H&M,1,0.5714,0,0.4959,False
72,H&M,1,0.5714,0,0.3945,False
83,H&M,1,0.7143,0,0.4643,False
85,H&M,1,0.5714,0,0.4619,False
87,H&M,1,0.5714,0,0.4912,False
92,H&M,1,0.7143,0,0.4727,False
99,H&M,1,0.7143,0,0.4144,False
101,H&M,1,0.5714,0,0.4596,False
107,H&M,1,0.5714,0,0.4596,False
114,H&M,1,0.5714,0,0.4006,False
123,H&M,1,0.7143,0,0.4748,False
124,H&M,1,0.8571,0,0.4805,False
125,H&M,1,0.7143,0,0.4712,False
126,H&M,1,0.5714,0,0.4516,False
127,H&M,1,0.5714,0,0.4441,False
128,H&M,1,0.5714,0,0.4787,False
131,H&M,1,0.7143,0,0.4711,False
132,H&M,1,0.7143,0,0.4627,False
135,H&M,1,0.5714,0,0.4659,False
152,H&M,1,0.5714,0,0.4755,False
153,H&M,1,0.7143,0,0.4877,False
155,H&M,1,0.5714,0,0.4487,False
156,H&M,1,0.5714,0,0.4855,False
159,H&M,0,0.4286,1,0.5102,False
160,H&M,1,0.5714,0,0.48,False
163,H&M,1,0.5714,0,0.4567,False
171,H&M,1,0.7143,0,0.4892,False
173,H&M,1,0.5714,0,0.4704,False
175,H&M,1,0.5714,0,0.4947,False
176,H&M,1,0.5714,0,0.4558,False
179,H&M,1,0.5714,0,0.5,False
181,H&M,1,0.7143,0,0.4719,False
182,H&M,1,0.8571,0,0.4656,False
183,H&M,1,0.5714,0,0.4832,False
186,H&M,1,0.5714,0,0.4801,False
194,H&M,1,0.7143,0,0.4867,False
197,H&M,1,0.5714,0,0.4746,False
199,H&M,1,0.5714,0,0.4733,False
200,H&M,1,0.7143,0,0.4707,False
201,H&M,1,0.8571,0,0.4969,False
202,H&M,1,0.7143,0,0.4859,False
206,H&M,1,0.5714,0,0.4682,False
207,H&M,1,0.5714,0,0.4597,False
208,H&M,1,0.5714,0,0.4699,False
209,H&M,1,0.5714,0,0.4579,False
210,H&M,0,0.4286,1,0.5048,False
212,H&M,1,0.5714,0,0.458,False
213,H&M,1,0.5714,0,0.4824,False
214,H&M,1,0.5714,0,0.4805,False
256,H&M,1,0.5714,0,0.4183,False
259,H&M,1,0.5714,0,0.3971,False
262,H&M,1,0.5714,0,0.47,False
264,H&M,1,0.5714,0,0.4891,False
265,H&M,1,0.5714,0,0.411,False
268,H&M,1,0.5714,0,0.4748,False
269,H&M,1,0.5714,0,0.4839,False
271,H&M,1,0.5714,0,0.4805,False
276,H&M,1,0.5714,0,0.4247,False
286,H&M,1,0.5714,0,0.4989,False
287,H&M,0,0.4286,1,0.5184,False
289,H&M,1,0.5714,0,0.4774,False
291,H&M,1,0.5714,0,0.4592,False
297,H&M,1,0.5714,0,0.4947,False
298,H&M,1,0.5714,0,0.4396,False
299,H&M,1,0.5714,0,0.4777,False
300,H&M,1,0.5714,0,0.4994,False
307,H&M,1,0.5714,0,0.4804,False
310,H&M,1,0.7143,0,0.492,False
311,H&M,1,0.5714,0,0.4789,False
312,H&M,1,0.5714,0,0.4497,False
318,H&M,1,0.5714,0,0.4658,False
319,H&M,0,0.4286,1,0.519,False
320,H&M,0,0.4286,1,0.5818,False
325,H&M,0,0.4286,1,0.5153,False
326,H&M,0,0.4286,1,0.5383,False
327,H&M,0,0.4286,1,0.5271,False
328,H&M,0,0.4286,1,0.5176,False
330,H&M,1,0.5714,0,0.4398,False
333,H&M,1,0.5714,0,0.4966,False
334,H&M,1,0.5714,0,0.4526,False
336,H&M,1,0.5714,0,0.4983,False
342,H&M,1,0.5714,0,0.4694,False
343,H&M,1,0.8571,0,0.469,False
346,H&M,1,0.5714,0,0.4706,False
347,H&M,1,0.5714,0,0.4516,False
349,H&M,1,0.7143,0,0.4755,False
351,H&M,1,0.7143,0,0.4929,False
354,H&M,1,0.5714,0,0.4944,False
355,H&M,1,0.8571,0,0.4901,False
356,H&M,1,0.5714,0,0.4849,False
357,H&M,1,0.5714,0,0.4704,False
358,H&M,1,0.7143,0,0.444,False
361,H&M,1,0.5714,0,0.4538,False
367,H&M,1,0.7143,0,0.4582,False
371,H&M,1,0.7143,0,0.4953,False
372,H&M,1,0.8571,0,0.4868,False
377,H&M,1,0.5714,0,0.4488,False
380,H&M,1,0.5714,0,0.447,False
384,H&M,1,0.5714,0,0.4294,False
422,H&M,1,0.7143,0,0.4121,False
423,H&M,1,0.5714,0,0.4385,False
424,H&M,1,0.5714,0,0.4661,False
426,H&M,1,0.5714,0,0.4842,False
427,H&M,1,0.7143,0,0.4419,False
428,H&M,1,0.7143,0,0.4336,False
435,H&M,1,0.5714,0,0.4164,False
436,H&M,1,0.5714,0,0.4939,False
437,H&M,1,0.5714,0,0.4596,False
440,H&M,1,0.7143,0,0.4532,False
441,H&M,1,0.8571,0,0.4516,False
442,H&M,1,0.7143,0,0.4642,False
443,H&M,1,0.5714,0,0.4864,False
448,H&M,1,0.5714,0,0.4927,False
451,H&M,0,0.4286,1,0.5184,False
452,H&M,1,0.5714,0,0.4423,False
453,H&M,1,0.5714,0,0.4947,False
458,H&M,1,0.7143,0,0.468,False
461,H&M,1,0.7143,0,0.49,False
465,H&M,1,0.5714,0,0.4959,False
466,H&M,1,0.5714,0,0.4832,False
470,H&M,1,0.8571,0,0.4885,False
472,H&M,1,0.5714,0,0.4855,False
475,H&M,0,0.2857,1,0.5359,False
477,H&M,1,0.5714,0,0.4715,False
481,H&M,1,0.5714,0,0.443,False
482,H&M,1,0.8571,0,0.4903,False
483,H&M,1,0.5714,0,0.4415,False
494,H&M,1,0.5714,0,0.4748,False
495,H&M,0,0.4286,1,0.5007,False
496,H&M,0,0.4286,1,0.5236,False
510,H&M,1,0.7143,0,0.457,False
543,H&M,1,0.7143,0,0.4896,False
544,H&M,1,0.5714,0,0.4829,False
546,H&M,0,0.4286,1,0.5103,False
547,H&M,0,0.4286,1,0.514,False
552,H&M,0,0.4286,1,0.5053,False
553,Zara,1,0.5714,0,0.4747,False
554,Zara,1,0.8571,0,0.4269,False
560,Zara,1,0.8571,0,0.4897,False
562,Zara,0,0.4286,1,0.5238,False
569,Zara,1,0.8571,0,0.4623,False
602,Zara,1,0.5714,0,0.4091,False
603,Zara,1,0.5714,0,0.4608,False
617,Zara,1,0.5714,0,0.4077,False
619,Zara,0,0.2857,1,0.5033,False
623,Zara,1,0.7143,0,0.4566,False
625,Zara,1,0.5714,0,0.4522,False
627,Zara,1,0.7143,0,0.3974,False
628,Zara,1,0.7143,0,0.4874,False
632,Zara,1,0.8571,0,0.4563,False
633,Zara,1,0.5714,0,0.4706,False
636,Zara,1,0.7143,0,0.4392,False
637,Zara,1,0.5714,0,0.4331,False
641,Zara,1,0.7143,0,0.4221,False
642,Zara,1,0.5714,0,0.4171,False
644,Zara,1,0.5714,0,0.4545,False
663,Zara,0,0.4286,1,0.5571,False
668,Zara,1,0.7143,0,0.4451,False
670,Zara,1,0.5714,0,0.443,False
672,Zara,1,0.5714,0,0.3934,False
673,Zara,1,0.5714,0,0.3794,False
676,Zara,1,0.5714,0,0.355,False
677,Zara,1,0.5714,0,0.4943,False
678,Zara,1,0.5714,0,0.4876,False
680,Zara,1,0.5714,0,0.4326,False
693,Zara,0,0.4286,1,0.5777,False
695,Zara,1,0.5714,0,0.3822,False
699,Zara,1,0.5714,0,0.4296,False
700,Zara,1,0.5714,0,0.4532,False
701,Zara,1,0.5714,0,0.4474,False
702,Zara,1,0.5714,0,0.4706,False
703,Zara,1,0.5714,0,0.4208,False
709,Zara,1,0.7143,0,0.4775,False
710,Zara,1,0.5714,0,0.4965,False
711,Zara,1,0.5714,0,0.4759,False
716,Zara,1,0.5714,0,0.4796,False
717,Zara,1,0.5714,0,0.4362,False
718,Zara,1,0.5714,0,0.4373,False
733,Zara,1,0.5714,0,0.3971,False
751,Zara,0,0.2857,1,0.5162,False
757,Zara,0,0.4286,1,0.5277,False
761,Zara,1,0.7143,0,0.4912,False
765,Zara,0,0.4286,1,0.5242,False
771,Zara,1,0.7143,0,0.4479,False
772,Zara,1,0.5714,0,0.4162,False
784,Zara,1,0.7143,0,0.4249,False
786,Zara,0,0.2857,1,0.5088,False
792,Zara,0,0.2857,1,0.5006,False
793,Zara,0,0.4286,1,0.5255,False
794,Zara,0,0.2857,1,0.5166,False
797,Zara,1,0.5714,0,0.4935,False
799,Zara,1,0.5714,0,0.4778,False
803,Zara,1,0.5714,0,0.3902,False
804,Zara,1,0.5714,0,0.4008,False
805,Zara,1,0.7143,0,0.4773,False
809,Zara,1,0.5714,0,0.4971,False
810,Zara,1,0.5714,0,0.4331,False
819,Zara,0,0.4286,1,0.6156,False
820,Zara,0,0.1429,1,0.5351,False
825,Zara,1,0.7143,0,0.4844,False
827,Zara,1,0.7143,0,0.4752,False
831,Zara,1,0.8571,0,0.4966,False
832,Zara,1,0.7143,0,0.4685,False
833,Zara,1,0.7143,0,0.4991,False
834,Zara,1,0.8571,0,0.4921,False
838,Zara,1,0.5714,0,0.473,False
843,Zara,1,0.7143,0,0.4989,False
844,Zara,1,0.5714,0,0.4524,False
847,Zara,1,0.7143,0,0.4675,False
849,Zara,1,0.5714,0,0.4359,False
853,Zara,1,0.8571,0,0.4906,False
854,Zara,1,0.5714,0,0.4927,False
862,Zara,1,0.5714,0,0.4371,False
864,Zara,1,0.8571,0,0.4568,False
865,Zara,1,0.5714,0,0.4942,False
868,Zara,1,0.8571,0,0.4194,False
880,Zara,1,0.5714,0,0.4565,False
881,Zara,1,0.7143,0,0.4146,False
882,Zara,1,0.5714,0,0.372,False
883,Zara,0,0.0,1,0.5033,False
884,Zara,1,0.8571,0,0.4945,False
885,Zara,1,0.5714,0,0.4235,False
886,Zara,1,0.7143,0,0.414,False
887,Zara,1,0.7143,0,0.4167,False
889,Zara,1,0.7143,0,0.4586,False
890,Zara,1,0.5714,0,0.4261,False
902,Zara,1,0.5714,0,0.3543,False
908,Zara,1,0.7143,0,0.4245,False
909,Zara,1,0.7143,0,0.4127,False
910,Zara,1,0.5714,0,0.4476,False
916,Zara,1,0.5714,0,0.4522,False
922,Zara,1,0.7143,0,0.4773,False
927,Zara,1,0.5714,0,0.4355,False
931,Zara,1,0.5714,0,0.4413,False
981,Zara,1,0.5714,0,0.4839,False
990,Zara,1,0.5714,0,0.4489,False
999,Zara,1,0.5714,0,0.4035,False
1008,Zara,1,0.7143,0,0.4752,False
1036,Zara,1,0.5714,0,0.4461,False
1038,Zara,1,0.5714,0,0.4033,False
1042,Zara,1,0.5714,0,0.431,False
1045,Zara,1,0.5714,0,0.4542,False
1072,Zara,0,0.2857,1,0.5062,False
1074,Zara,1,0.5714,0,0.394,False
1079,Shein,0,0.4286,1,0.5286,False
1082,Shein,1,0.7143,0,0.466,False
1083,Shein,1,0.5714,0,0.4914,False
1085,Shein,1,0.7143,0,0.4657,False
1086,Shein,1,0.5714,0,0.4829,False
1093,Shein,0,0.4286,1,0.5201,False
1103,Shein,1,0.5714,0,0.4654,False
1108,Shein,1,0.8571,0,0.4689,False
1109,Shein,1,0.7143,0,0.488,False
1115,Shein,1,0.5714,0,0.4718,False
1119,Shein,1,0.5714,0,0.4471,False
1123,Shein,1,0.5714,0,0.4675,False
1127,Shein,1,0.5714,0,0.4517,False
1132,Shein,1,0.5714,0,0.479,False
1133,Shein,1,0.5714,0,0.493,False
1140,Shein,1,0.7143,0,0.4656,False
1141,Shein,1,0.5714,0,0.4025,False
1148,Shein,1,0.5714,0,0.4792,False
1153,Shein,1,0.5714,0,0.4925,False
1158,Shein,1,0.5714,0,0.4729,False
1159,Shein,1,0.5714,0,0.4739,False
1164,Shein,1,0.5714,0,0.4822,False
1166,Shein,1,0.5714,0,0.4713,False
1169,Shein,1,0.5714,0,0.4503,False
1170,Shein,1,0.5714,0,0.463,False
1177,Shein,1,0.7143,0,0.4625,False
1180,Shein,1,0.8571,0,0.4725,False
1181,Shein,1,0.5714,0,0.4677,False
1182,Shein,1,0.5714,0,0.4748,False
1183,Shein,1,0.8571,0,0.4856,False
1184,Shein,1,0.8571,0,0.4625,False
1187,Shein,1,0.7143,0,0.4648,False
1191,Shein,1,0.7143,0,0.4459,False
1198,Shein,1,0.5714,0,0.4802,False
1199,Shein,1,0.7143,0,0.4685,False
1200,Shein,1,0.5714,0,0.4303,False
1201,Shein,1,0.5714,0,0.4496,False
1202,Shein,1,0.5714,0,0.4573,False
1203,Shein,1,0.5714,0,0.4536,False
1204,Shein,1,0.5714,0,0.4366,False
1207,Shein,1,0.5714,0,0.4926,False
1209,Shein,1,0.5714,0,0.4611,False
1214,Shein,1,0.7143,0,0.4711,False
1217,Shein,1,0.8571,0,0.4838,False
1224,Shein,1,0.5714,0,0.4721,False
1225,Shein,1,0.5714,0,0.4491,False
1232,Shein,1,0.5714,0,0.4989,False
1234,Shein,1,0.5714,0,0.482,False
1238,Shein,1,0.7143,0,0.4994,False
1239,Shein,1,0.7143,0,0.4897,False
1240,Shein,0,0.4286,1,0.5166,False
1242,Shein,0,0.4286,1,0.5703,False
1246,Shein,1,0.5714,0,0.4718,False
1247,Shein,1,0.8571,0,0.4744,False
1258,Shein,0,0.2857,1,0.509,False
1272,Shein,0,0.4286,1,0.5275,False
1274,Shein,1,0.5714,0,0.4477,False
1277,Shein,1,0.5714,0,0.449,False
1278,Shein,1,0.5714,0,0.4908,False
1282,Shein,1,0.5714,0,0.4504,False
1283,Shein,1,0.5714,0,0.4385,False
1284,Shein,1,0.8571,0,0.4815,False
1286,Shein,1,0.5714,0,0.4755,False
1287,Shein,1,0.5714,0,0.4546,False
1293,Shein,1,0.5714,0,0.438,False
1294,Shein,1,0.5714,0,0.4643,False
1297,Shein,1,0.5714,0,0.4847,False
1301,Shein,1,0.5714,0,0.4874,False
1302,Shein,1,0.5714,0,0.4407,False
1305,Shein,1,0.5714,0,0.497,False
1306,Shein,1,0.8571,0,0.4715,False
1307,Shein,1,0.5714,0,0.4421,False
1356,Shein,1,0.5714,0,0.4549,False
1367,Shein,1,0.5714,0,0.4671,False
1368,Shein,1,0.5714,0,0.4786,False
1369,Shein,1,0.5714,0,0.4409,False
1370,Shein,1,0.7143,0,0.4661,False
1399,Kering,1,0.5714,0,0.4654,False
1400,Kering,0,0.2857,1,0.5135,False
1402,Kering,1,0.7143,0,0.4515,False
1403,Kering,1,0.5714,0,0.473,False
1405,Kering,1,0.7143,0,0.4981,False
1406,Kering,1,0.7143,0,0.4837,False
1410,Kering,0,0.2857,1,0.5196,False
1412,Kering,1,0.5714,0,0.4311,False
1414,Kering,0,0.4286,1,0.5585,False
1416,Kering,0,0.2857,1,0.5034,False
1425,Kering,0,0.4286,1,0.5116,False
1428,Kering,0,0.4286,1,0.5635,False
1429,Kering,0,0.4286,1,0.552,False
1430,Kering,1,0.5714,0,0.49,False
1437,Kering,1,0.5714,0,0.4852,False
1438,Kering,1,0.5714,0,0.4804,False
1446,Kering,1,0.7143,0,0.4911,False
1447,Kering,1,0.7143,0,0.4969,False
1450,Kering,1,0.5714,0,0.4652,False
1452,Kering,1,0.5714,0,0.3964,False
1460,Kering,0,0.4286,1,0.5133,False
1464,Kering,0,0.4286,1,0.5095,False
1482,Lululemon,0,0.2857,1,0.5113,False
1484,Lululemon,0,0.4286,1,0.5105,False
1485,Lululemon,1,0.5714,0,0.4716,False
1486,Lululemon,1,0.8571,0,0.4845,False
1490,Lululemon,1,0.5714,0,0.4527,False
1492,Lululemon,1,0.5714,0,0.489,False
1500,Lululemon,0,0.4286,1,0.508,False
1507,Lululemon,1,0.5714,0,0.3993,False
1508,Lululemon,1,0.5714,0,0.3649,False
1512,Lululemon,1,0.5714,0,0.4185,False
1517,Lululemon,1,0.5714,0,0.4264,False
1523,Lululemon,1,0.5714,0,0.48,False
1528,Lululemon,0,0.2857,1,0.5043,False
1532,Lululemon,0,0.4286,1,0.5005,False
1537,Lululemon,1,0.5714,0,0.4265,False
1545,Lululemon,1,0.5714,0,0.4185,False
1547,Lululemon,1,0.5714,0,0.4622,False
1548,Lululemon,1,0.5714,0,0.4636,False
1551,Lululemon,1,0.5714,0,0.4124,False
1555,Lululemon,1,0.7143,0,0.4648,False
1562,Lululemon,1,0.5714,0,0.4602,False
1566,Lululemon,1,0.5714,0,0.4459,False
1567,Lululemon,1,0.5714,0,0.4819,False
1571,Lululemon,1,0.8571,0,0.4785,False
1572,Lululemon,1,0.7143,0,0.4932,False
1576,Lululemon,1,0.7143,0,0.4279,False
1577,Lululemon,1,0.7143,0,0.4568,False
1578,Lululemon,1,0.5714,0,0.4836,False
1579,Lululemon,1,0.5714,0,0.4946,False
1582,Lululemon,1,0.7143,0,0.4565,False
1583,Lululemon,1,0.7143,0,0.4993,False
1585,Lululemon,1,0.8571,0,0.4906,False
1586,Lululemon,1,0.8571,0,0.4666,False
1587,Lululemon,1,0.7143,0,0.4786,False
1588,Lululemon,1,0.5714,0,0.454,False
1593,Lululemon,1,0.7143,0,0.4768,False
1596,Lululemon,1,0.5714,0,0.4402,False
1599,Lululemon,1,0.7143,0,0.4874,False
1601,Lululemon,1,0.5714,0,0.4908,False
1605,Lululemon,1,0.5714,0,0.4622,False
1613,Lululemon,1,0.5714,0,0.4542,False
1614,Lululemon,1,0.5714,0,0.4549,False
1615,Lululemon,1,0.5714,0,0.4583,False
1616,Lululemon,1,0.5714,0,0.4263,False
1618,Lululemon,1,0.5714,0,0.4412,False
1619,Lululemon,1,0.5714,0,0.4652,False
1620,Lululemon,1,0.5714,0,0.4483,False
1621,Lululemon,1,0.5714,0,0.451,False
1625,Lululemon,1,0.5714,0,0.4714,False
1626,Lululemon,1,0.7143,0,0.4756,False
1628,Lululemon,1,0.5714,0,0.4755,False
1629,Lululemon,1,0.5714,0,0.4931,False
1630,Lululemon,1,0.5714,0,0.4918,False
1631,Lululemon,1,0.7143,0,0.4789,False
1635,Lululemon,1,0.5714,0,0.4878,False
1636,Lululemon,1,0.7143,0,0.4239,False
1637,Lululemon,1,0.5714,0,0.4938,False
1639,Lululemon,1,0.7143,0,0.4829,False
1640,Lululemon,1,0.5714,0,0.4163,False
1641,Lululemon,1,0.5714,0,0.396,False
1643,Lululemon,1,0.5714,0,0.4396,False
1645,Lululemon,1,0.5714,0,0.4688,False
1646,Lululemon,1,0.5714,0,0.4851,False
1647,Lululemon,1,0.7143,0,0.4895,False
1649,Lululemon,1,0.5714,0,0.4554,False
1656,Lululemon,1,0.5714,0,0.4705,False
1669,Lululemon,1,0.5714,0,0.4199,False
1674,Lululemon,1,0.5714,0,0.4301,False
1675,Lululemon,1,0.5714,0,0.4549,False
1677,Lululemon,0,0.4286,1,0.5307,False
1679,Lululemon,1,0.5714,0,0.4413,False
1682,Lululemon,1,0.5714,0,0.4249,False
1689,Lululemon,1,0.7143,0,0.4119,False
1697,Lululemon,1,0.7143,0,0.4577,False
1700,Lululemon,1,0.7143,0,0.4497,False
1705,Lululemon,1,0.8571,0,0.4361,False
1706,Lululemon,1,0.5714,0,0.4513,False
1708,Ralph Lauren,1,0.7143,0,0.4843,False
1709,Ralph Lauren,0,0.4286,1,0.5167,False
1710,Ralph Lauren,1,0.7143,0,0.4527,False
1711,Ralph Lauren,1,0.5714,0,0.4337,False
1713,Ralph Lauren,1,0.5714,0,0.4419,False
1723,Ralph Lauren,1,0.5714,0,0.4156,False
1727,Ralph Lauren,1,0.5714,0,0.403,False
1730,Ralph Lauren,1,0.5714,0,0.4111,False
1732,Ralph Lauren,1,0.5714,0,0.4754,False
1734,Ralph Lauren,1,0.5714,0,0.4464,False
1735,Ralph Lauren,1,0.5714,0,0.4801,False
1739,Ralph Lauren,1,0.8571,0,0.4988,False
1746,Ralph Lauren,1,0.5714,0,0.4943,False
1753,Ralph Lauren,1,0.5714,0,0.4857,False
1761,Ralph Lauren,1,0.7143,0,0.4956,False
1763,Ralph Lauren,1,0.8571,0,0.4986,False
1764,Ralph Lauren,1,0.5714,0,0.4567,False
1765,Ralph Lauren,1,0.5714,0,0.4633,False
1771,Ralph Lauren,1,0.7143,0,0.4805,False
1790,Ralph Lauren,1,0.7143,0,0.4317,False
1791,Ralph Lauren,0,0.2857,1,0.5085,False
1792,Ralph Lauren,0,0.4286,1,0.5008,False
1793,Ralph Lauren,1,0.5714,0,0.4891,False
1796,Ralph Lauren,1,0.5714,0,0.4556,False
1802,Ralph Lauren,1,0.5714,0,0.4102,False
1806,Ralph Lauren,1,0.5714,0,0.4982,False
1809,Ralph Lauren,1,0.5714,0,0.4878,False
1810,Ralph Lauren,1,0.5714,0,0.4841,False
1818,Ralph Lauren,0,0.4286,1,0.5023,False
1821,Ralph Lauren,0,0.2857,1,0.5496,False
1823,Ralph Lauren,1,0.5714,0,0.4753,False
1824,Ralph Lauren,0,0.4286,1,0.5313,False
1829,Ralph Lauren,0,0.4286,1,0.542,False
1834,Ralph Lauren,0,0.4286,1,0.5448,False
1837,Ralph Lauren,0,0.4286,1,0.5006,False
1838,Ralph Lauren,0,0.4286,1,0.5141,False
1839,Ralph Lauren,1,0.5714,0,0.4751,False
1841,Ralph Lauren,1,0.5714,0,0.4671,False
1848,Ralph Lauren,0,0.4286,1,0.5378,False
1852,Ralph Lauren,1,0.8571,0,0.4829,False
1853,Ralph Lauren,0,0.4286,1,0.5303,False
1855,Ralph Lauren,1,0.5714,0,0.4961,False
1857,Ralph Lauren,0,0.4286,1,0.5047,False
1861,Ralph Lauren,1,0.7143,0,0.4495,False
1862,Ralph Lauren,1,0.5714,0,0.4528,False
1864,Ralph Lauren,1,0.5714,0,0.4259,False
1872,Ralph Lauren,1,0.5714,0,0.4561,False
1878,Ralph Lauren,1,0.5714,0,0.4393,False
1883,Puma,1,0.5714,0,0.4928,False
1884,Puma,1,0.5714,0,0.4807,False
1890,Puma,1,0.5714,0,0.4308,False
1901,Puma,1,0.5714,0,0.4045,False
1903,Puma,1,0.7143,0,0.4184,False
1910,Puma,1,0.5714,0,0.4231,False
1919,Puma,1,0.5714,0,0.4541,False
1920,Puma,1,0.5714,0,0.4366,False
1923,Puma,1,0.8571,0,0.4858,False
1928,Puma,1,0.7143,0,0.3962,False
1932,Puma,1,0.5714,0,0.4921,False
1933,Puma,1,0.5714,0,0.4144,False
1936,Puma,1,0.5714,0,0.4273,False
1939,Puma,0,0.4286,1,0.5208,False
1956,Puma,1,0.5714,0,0.4528,False
1957,Puma,1,0.5714,0,0.4635,False
1963,Puma,1,0.7143,0,0.489,False
1964,Puma,1,0.5714,0,0.4706,False
1967,Puma,1,0.7143,0,0.4686,False
1968,Puma,1,0.5714,0,0.4561,False
1980,Puma,1,0.5714,0,0.4398,False
1985,Puma,1,0.5714,0,0.4603,False
1989,Puma,1,0.7143,0,0.4279,False
2010,Puma,1,0.5714,0,0.4025,False
2058,Puma,1,0.7143,0,0.4217,False
2069,Puma,1,0.5714,0,0.4158,False
2070,Puma,1,0.5714,0,0.4391,False
2079,Puma,1,0.5714,0,0.4377,False
2088,Puma,1,0.5714,0,0.4221,False
2093,Puma,1,0.5714,0,0.4455,False
2096,Puma,0,0.4286,1,0.5119,False
2098,Puma,1,0.5714,0,0.4718,False
2100,Puma,1,0.5714,0,0.4183,False
2104,Puma,1,0.5714,0,0.4619,False
2106,Puma,1,0.5714,0,0.4572,False
2108,Puma,0,0.4286,1,0.5066,False
2113,Puma,0,0.2857,1,0.5439,False
2114,Puma,0,0.4286,1,0.5425,False
2115,Puma,1,0.5714,0,0.489,False
2116,Puma,1,0.5714,0,0.4624,False
2118,Puma,1,0.5714,0,0.4539,False
2119,Puma,1,0.5714,0,0.4683,False
2121,Puma,1,0.7143,0,0.453,False
2122,Puma,1,0.7143,0,0.4624,False
2125,Puma,1,0.7143,0,0.4734,False
2146,Puma,1,0.5714,0,0.4397,False
2149,Puma,1,0.5714,0,0.4534,False
2150,Puma,1,0.5714,0,0.4207,False
2162,Puma,1,0.5714,0,0.459,False
2163,Puma,1,1.0,0,0.4544,False
2164,Puma,1,0.7143,0,0.4763,False
2170,Puma,1,0.5714,0,0.4671,False
2181,Puma,1,0.5714,0,0.4302,False
2182,Puma,1,0.5714,0,0.4926,False
2188,Puma,1,0.5714,0,0.4864,False
2197,Puma,1,0.5714,0,0.4223,False
2199,Puma,0,0.4286,1,0.513,False
2201,Puma,1,0.5714,0,0.4727,False
2202,Puma,1,0.5714,0,0.4266,False
2203,Puma,1,0.7143,0,0.459,False
2204,Puma,1,0.5714,0,0.4779,False
2227,Puma,1,0.5714,0,0.4237,False
2230,Puma,1,0.7143,0,0.4382,False
2231,Puma,1,0.7143,0,0.464,False
2232,Puma,1,0.5714,0,0.4508,False
2241,Puma,1,0.5714,0,0.419,False
2242,Puma,1,0.5714,0,0.4371,False
2248,Puma,1,0.7143,0,0.4798,False
2249,Puma,1,0.5714,0,0.4773,False
2271,Puma,1,0.5714,0,0.4021,False
2272,Puma,1,0.7143,0,0.4005,False
2287,Puma,1,0.5714,0,0.4401,False
2304,Puma,1,0.5714,0,0.4046,False
2305,Puma,1,0.5714,0,0.4503,False
2312,Puma,1,0.5714,0,0.4413,False
2313,Puma,1,0.5714,0,0.4982,False
2316,Puma,1,0.5714,0,0.4664,False
2318,Puma,1,0.5714,0,0.4387,False
2319,Puma,1,0.5714,0,0.4329,False
2320,Puma,1,0.5714,0,0.4345,False
2321,Puma,1,0.5714,0,0.4356,False
2360,Puma,1,0.5714,0,0.4647,False
2361,Puma,1,0.5714,0,0.4251,False
2362,Puma,1,0.5714,0,0.4271,False
2367,Puma,0,0.4286,1,0.5456,False
2368,Puma,0,0.4286,1,0.526,False
2370,Puma,1,0.7143,0,0.4785,False
2372,Puma,1,0.5714,0,0.4086,False
2377,Puma,1,0.5714,0,0.4206,False
2390,Puma,1,0.5714,0,0.4634,False
2394,Puma,0,0.4286,1,0.5034,False
2395,Puma,1,0.5714,0,0.4979,False
2411,Puma,1,0.7143,0,0.4132,False
2413,Puma,1,0.5714,0,0.4027,False
2418,Puma,0,0.4286,1,0.5062,False
2419,Puma,0,0.4286,1,0.5093,False
2422,Puma,1,0.5714,0,0.4508,False
2428,Puma,1,0.5714,0,0.4922,False
2433,Puma,1,0.5714,0,0.4725,False
2440,Puma,1,0.5714,0,0.447,False
2448,Puma,1,0.5714,0,0.427,False
2455,Puma,1,0.5714,0,0.455,False
2456,Puma,1,0.5714,0,0.4796,False
2457,Puma,1,0.7143,0,0.4555,False
2459,Puma,1,0.5714,0,0.4805,False
2460,Puma,1,0.7143,0,0.4888,False
2463,Puma,1,0.5714,0,0.4066,False
2468,Puma,1,0.5714,0,0.4285,False
2472,Puma,1,0.7143,0,0.4525,False
2473,Puma,1,0.7143,0,0.4382,False
2475,Puma,1,0.5714,0,0.4493,False
2485,Puma,1,0.7143,0,0.474,False
2486,Puma,1,0.7143,0,0.4721,False
2487,Puma,1,0.5714,0,0.4566,False
2488,Puma,1,0.5714,0,0.4404,False
2489,Puma,1,0.5714,0,0.4329,False
2515,Puma,1,0.5714,0,0.4149,False
2519,Puma,0,0.1429,1,0.5227,False
2524,Puma,1,0.5714,0,0.4577,False
2526,Puma,0,0.4286,1,0.507,False
2528,Puma,1,0.5714,0,0.4646,False
2536,Puma,1,0.5714,0,0.3696,False
2538,Puma,0,0.4286,1,0.5123,False
2540,Puma,1,0.5714,0,0.4907,False
2542,Puma,1,0.5714,0,0.4596,False
2551,Puma,1,0.5714,0,0.4565,False
2554,Puma,1,0.7143,0,0.4654,False
2555,Puma,1,0.5714,0,0.4379,False
2558,Puma,1,0.5714,0,0.4908,False
2562,Puma,1,0.5714,0,0.4686,False
2566,Puma,1,0.5714,0,0.4913,False
2567,Puma,1,0.5714,0,0.4491,False
2569,Puma,1,0.5714,0,0.4824,False
2571,Puma,1,0.5714,0,0.4604,False
2573,Puma,1,0.5714,0,0.4598,False
2574,Puma,0,0.4286,1,0.5054,False
2576,Puma,1,0.7143,0,0.4644,False
2580,Puma,1,0.5714,0,0.4384,False
2581,Puma,1,0.5714,0,0.4482,False
2585,Puma,1,0.5714,0,0.4158,False
2586,Puma,1,0.5714,0,0.4753,False
2587,Puma,1,0.5714,0,0.483,False
2589,Puma,0,0.4286,1,0.5206,False
2590,Puma,0,0.4286,1,0.5241,False
2593,Puma,1,0.5714,0,0.4448,False
2603,Puma,0,0.4286,1,0.5292,False
2604,Puma,0,0.2857,1,0.5092,False
2608,Puma,1,0.5714,0,0.4365,False
2610,Puma,1,0.5714,0,0.4145,False
2638,Everlane,1,0.5714,0,0.4358,False
2639,Everlane,1,0.7143,0,0.4597,False
2640,Everlane,1,0.8571,0,0.4946,False
2641,Everlane,1,0.5714,0,0.4875,False
2642,Everlane,1,0.5714,0,0.4407,False
2643,Everlane,1,0.5714,0,0.4824,False
2648,Everlane,1,0.5714,0,0.4429,False
2649,Everlane,1,0.5714,0,0.4783,False
2650,Everlane,0,0.4286,1,0.5125,False
2652,Everlane,0,0.4286,1,0.537,False
2656,Everlane,0,0.1429,1,0.5357,False
2662,Everlane,1,0.7143,0,0.4898,False
2664,Everlane,1,0.5714,0,0.4603,False
2665,Everlane,0,0.4286,1,0.501,False
2667,Everlane,1,0.5714,0,0.4816,False
2668,Everlane,1,0.5714,0,0.4853,False
2669,Everlane,1,0.7143,0,0.4937,False
2670,Everlane,1,0.5714,0,0.4373,False
2672,Everlane,0,0.4286,1,0.5328,False
2673,Everlane,0,0.4286,1,0.5261,False
2674,Everlane,1,0.8571,0,0.4652,False
2676,Everlane,1,0.5714,0,0.3958,False
2686,Everlane,1,0.7143,0,0.4517,False
2687,Everlane,1,0.5714,0,0.4534,False
2697,Everlane,1,0.5714,0,0.4475,False
2701,Everlane,1,0.5714,0,0.4198,False
2706,Everlane,1,0.5714,0,0.4841,False
2709,Everlane,1,0.5714,0,0.4656,False
2710,Everlane,1,0.5714,0,0.4905,False
2711,Everlane,1,0.7143,0,0.4973,False
2716,Everlane,1,0.7143,0,0.4949,False
2725,Everlane,1,0.7143,0,0.4636,False
2726,Everlane,1,0.5714,0,0.4421,False
2730,Everlane,1,0.5714,0,0.4411,False
2732,Everlane,1,0.5714,0,0.4637,False
2733,Everlane,1,0.5714,0,0.4928,False
2738,Everlane,0,0.4286,1,0.5263,False
2739,Everlane,1,0.7143,0,0.4964,False
2741,Everlane,1,0.5714,0,0.4981,False
2743,Everlane,1,0.7143,0,0.4854,False
2744,Everlane,1,0.5714,0,0.4914,False
2746,Everlane,0,0.2857,1,0.5028,False
2749,Everlane,0,0.2857,1,0.5052,False
2750,Everlane,1,0.5714,0,0.4812,False
2754,Everlane,1,0.8571,0,0.4478,False
2759,Everlane,1,0.5714,0,0.4853,False
2760,Everlane,1,0.5714,0,0.428,False
2764,Everlane,1,0.5714,0,0.4873,False
2765,Everlane,1,0.5714,0,0.461,False
2766,Everlane,1,0.5714,0,0.4837,False
2770,Everlane,0,0.2857,1,0.5357,False
2771,Everlane,1,0.7143,0,0.4542,False
2772,Everlane,1,0.5714,0,0.452,False
2773,Everlane,1,0.5714,0,0.4481,False
2774,Everlane,1,0.7143,0,0.4916,False
2782,Everlane,1,0.7143,0,0.4892,False
2784,Everlane,1,0.5714,0,0.4999,False
2786,Everlane,1,0.8571,0,0.4733,False
2787,Everlane,1,0.5714,0,0.4677,False
2788,Everlane,1,0.5714,0,0.4916,False
2794,Everlane,1,0.5714,0,0.4511,False
2795,Everlane,0,0.2857,1,0.5033,False
2797,Everlane,0,0.2857,1,0.5079,False
2798,Everlane,0,0.2857,1,0.5024,False
2799,Everlane,1,0.5714,0,0.4553,False
2800,Everlane,1,0.5714,0,0.4608,False
2804,Everlane,1,0.5714,0,0.448,False
2807,Everlane,1,0.7143,0,0.4966,False
2816,Everlane,1,0.5714,0,0.4451,False
2817,Everlane,1,0.5714,0,0.4229,False
2819,Everlane,1,0.5714,0,0.4149,False
2820,Everlane,1,0.5714,0,0.461,False
2821,Everlane,1,0.7143,0,0.4601,False
2823,Everlane,1,0.7143,0,0.4515,False
2824,Everlane,1,0.5714,0,0.452,False
2827,Everlane,1,0.5714,0,0.4666,False
2831,Everlane,1,0.5714,0,0.4214,False
2834,Everlane,0,0.2857,1,0.5077,False
2835,Everlane,0,0.4286,1,0.5342,False
2838,Patagonia,1,0.7143,0,0.4566,False
2842,Patagonia,1,0.5714,0,0.4257,False
2843,Patagonia,1,0.5714,0,0.4567,False
2846,Patagonia,0,0.4286,1,0.5025,False
2847,Patagonia,1,0.7143,0,0.4667,False
2848,Patagonia,1,0.5714,0,0.4807,False
2849,Patagonia,1,0.5714,0,0.4824,False
2854,Patagonia,0,0.4286,1,0.5194,False
2856,Patagonia,1,0.5714,0,0.449,False
2857,Patagonia,1,0.5714,0,0.4431,False
2863,Patagonia,0,0.4286,1,0.5368,False
2872,Patagonia,1,0.5714,0,0.3855,False
2880,Patagonia,1,0.5714,0,0.3773,False
2881,Patagonia,1,0.5714,0,0.449,False
2882,Patagonia,1,0.5714,0,0.4605,False
2883,Patagonia,1,0.5714,0,0.4639,False
2884,Patagonia,1,0.7143,0,0.4591,False
2885,Patagonia,1,0.5714,0,0.4203,False
2889,Patagonia,1,0.5714,0,0.4669,False
2890,Patagonia,1,0.5714,0,0.4639,False
2891,Patagonia,1,0.5714,0,0.4785,False
2892,Patagonia,1,0.5714,0,0.4239,False
2899,Patagonia,1,0.5714,0,0.475,False
2900,Patagonia,1,0.5714,0,0.4483,False
2905,Patagonia,1,0.5714,0,0.434,False
2916,Patagonia,1,0.5714,0,0.4156,False
2917,Patagonia,1,0.7143,0,0.454,False
2918,Patagonia,1,0.5714,0,0.4018,False
2920,Patagonia,1,0.7143,0,0.4223,False
2921,Patagonia,1,0.5714,0,0.469,False
2923,Patagonia,1,0.5714,0,0.4661,False
2925,Patagonia,1,0.8571,0,0.4699,False
2927,Patagonia,0,0.4286,1,0.5137,False
2933,Patagonia,1,0.5714,0,0.4901,False
2934,Patagonia,1,0.7143,0,0.47,False
2935,Patagonia,1,0.8571,0,0.4679,False
2936,Patagonia,1,0.5714,0,0.4833,False
2937,Patagonia,1,0.7143,0,0.4191,False
2938,Patagonia,1,0.5714,0,0.418,False
2939,Patagonia,1,0.8571,0,0.4858,False
2947,Patagonia,1,0.7143,0,0.435,False
2948,Patagonia,1,1.0,0,0.4408,False
2950,Patagonia,1,0.7143,0,0.3561,False
2952,Patagonia,1,0.5714,0,0.4785,False
2953,Patagonia,1,0.8571,0,0.4771,False
2954,Patagonia,1,0.5714,0,0.4819,False
2955,Patagonia,1,0.5714,0,0.4429,False
2957,Patagonia,1,0.7143,0,0.4296,False
2958,Patagonia,1,0.5714,0,0.4439,False
2959,Patagonia,1,0.7143,0,0.4894,False
2960,Patagonia,1,0.7143,0,0.4717,False
2961,Patagonia,1,0.5714,0,0.4759,False
2963,Patagonia,1,0.7143,0,0.4683,False
2965,Patagonia,1,0.5714,0,0.4587,False
2966,Patagonia,1,0.5714,0,0.3994,False
2967,Patagonia,1,0.5714,0,0.432,False
2968,Patagonia,1,0.5714,0,0.3673,False
2971,Patagonia,1,0.5714,0,0.3782,False
2973,Patagonia,1,0.7143,0,0.4506,False
2976,Patagonia,1,0.5714,0,0.4825,False
2977,Patagonia,1,0.5714,0,0.4666,False
2982,Patagonia,1,0.5714,0,0.4473,False
2988,Patagonia,1,0.5714,0,0.4357,False
2990,Patagonia,1,0.8571,0,0.483,False
2991,Patagonia,1,0.5714,0,0.4732,False
2995,Patagonia,1,0.5714,0,0.4176,False
2996,Patagonia,1,0.7143,0,0.419,False
2997,Patagonia,1,0.5714,0,0.4353,False
2998,Patagonia,1,0.5714,0,0.4292,False
2999,Patagonia,1,0.7143,0,0.4427,False
3001,Patagonia,1,0.7143,0,0.4621,False
3002,Patagonia,1,0.8571,0,0.4698,False
3003,Patagonia,1,0.5714,0,0.448,False
3004,Patagonia,1,0.5714,0,0.4432,False
3005,Patagonia,1,0.5714,0,0.4453,False
3006,Patagonia,1,0.5714,0,0.4097,False
3008,Patagonia,1,0.5714,0,0.384,False
3009,Patagonia,1,0.8571,0,0.4228,False
3010,Patagonia,1,0.5714,0,0.4783,False
3011,Patagonia,1,0.5714,0,0.4282,False
3013,Patagonia,1,0.5714,0,0.4958,False
3015,Patagonia,1,0.5714,0,0.4024,False
3016,Patagonia,1,0.5714,0,0.4218,False
3017,Patagonia,1,1.0,0,0.4814,False
3020,Patagonia,1,0.5714,0,0.4598,False
3022,Patagonia,1,0.7143,0,0.4667,False
3023,Patagonia,1,1.0,0,0.4916,False
3025,Patagonia,1,0.7143,0,0.486,False
3026,Patagonia,1,0.8571,0,0.4524,False
3027,Patagonia,1,0.7143,0,0.4299,False
3028,Patagonia,1,0.5714,0,0.4678,False
3029,Patagonia,1,0.7143,0,0.4887,False
3030,Patagonia,0,0.4286,1,0.5033,False
3031,Patagonia,1,0.8571,0,0.4771,False
3032,Patagonia,1,0.7143,0,0.4802,False
3033,Patagonia,0,0.4286,1,0.5061,False
3034,Patagonia,1,0.8571,0,0.4895,False
3035,Patagonia,1,0.5714,0,0.476,False
3037,Patagonia,1,0.8571,0,0.4642,False
3038,Patagonia,1,0.5714,0,0.4463,False
3053,Patagonia,1,0.7143,0,0.4265,False
3054,Patagonia,1,0.5714,0,0.4467,False
3055,Patagonia,0,0.4286,1,0.5421,False
3058,Patagonia,1,0.8571,0,0.438,False
3062,Patagonia,1,0.5714,0,0.4539,False
3071,Patagonia,1,0.5714,0,0.4638,False
3075,Patagonia,1,0.5714,0,0.3856,False
3076,Patagonia,1,0.5714,0,0.39,False
3077,Patagonia,1,0.5714,0,0.4448,False
3078,Patagonia,1,0.7143,0,0.4927,False
3079,Patagonia,1,0.8571,0,0.4194,False
3080,Patagonia,1,0.7143,0,0.4072,False
3081,Patagonia,1,0.8571,0,0.4617,False
3084,Patagonia,1,0.5714,0,0.3766,False
3085,Patagonia,1,0.5714,0,0.4816,False
3086,Patagonia,1,0.5714,0,0.4986,False
3087,Patagonia,1,0.5714,0,0.4402,False
3089,Patagonia,1,0.5714,0,0.4749,False
3090,Patagonia,1,0.5714,0,0.4476,False
3092,Patagonia,1,1.0,0,0.4446,False
3093,Patagonia,1,0.8571,0,0.4637,False
3094,Patagonia,1,0.8571,0,0.472,False
3097,Patagonia,1,0.5714,0,0.4501,False
3098,Patagonia,1,1.0,0,0.4646,False
3099,Patagonia,1,0.8571,0,0.4706,False
3101,Patagonia,1,0.5714,0,0.43,False
3102,Patagonia,1,0.7143,0,0.39,False
3104,Patagonia,1,0.8571,0,0.4728,False
3107,Patagonia,1,0.5714,0,0.4698,False
3109,Patagonia,1,0.7143,0,0.456,False
3112,Patagonia,1,0.5714,0,0.469,False
3114,Patagonia,1,0.5714,0,0.4172,False
3115,Patagonia,1,0.5714,0,0.3779,False
3119,Patagonia,1,0.5714,0,0.4457,False
3121,Patagonia,1,0.5714,0,0.4179,False
3125,Patagonia,1,0.5714,0,0.4528,False
3126,Patagonia,1,0.7143,0,0.4825,False
3128,Patagonia,1,0.7143,0,0.4481,False
3129,Patagonia,1,0.7143,0,0.3909,False
3132,Patagonia,1,0.5714,0,0.4056,False
3133,Patagonia,1,0.7143,0,0.4147,False
3134,Patagonia,1,0.5714,0,0.4063,False
3135,Patagonia,1,0.7143,0,0.4101,False
3136,Patagonia,1,0.5714,0,0.3804,False
3143,Patagonia,1,0.7143,0,0.4352,False
3144,Patagonia,1,0.7143,0,0.4716,False
3145,Patagonia,1,0.7143,0,0.4682,False
3146,Patagonia,1,0.5714,0,0.4724,False
3147,Patagonia,1,0.7143,0,0.4833,False
3148,Patagonia,1,0.5714,0,0.4825,False
3149,Patagonia,1,0.5714,0,0.4193,False
3150,Patagonia,1,0.5714,0,0.4522,False
3151,Patagonia,1,0.5714,0,0.4632,False
3153,Patagonia,1,0.5714,0,0.4406,False
3155,Patagonia,1,0.8571,0,0.4981,False
3156,Patagonia,1,0.8571,0,0.4325,False
3157,Patagonia,1,0.8571,0,0.4534,False
3158,Patagonia,1,1.0,0,0.4662,False
3159,Patagonia,1,1.0,0,0.4944,False
3160,Patagonia,1,1.0,0,0.4862,False
3161,Patagonia,1,0.8571,0,0.4009,False
3164,Patagonia,1,0.5714,0,0.448,False
3166,Patagonia,1,0.5714,0,0.4534,False
3167,Patagonia,1,0.7143,0,0.4236,False
3168,Patagonia,1,0.5714,0,0.461,False
3170,Patagonia,0,0.4286,1,0.5011,False
3171,Patagonia,1,0.5714,0,0.4717,False
3175,Patagonia,1,0.5714,0,0.4468,False
3176,Patagonia,1,0.5714,0,0.4803,False
3180,Patagonia,1,0.5714,0,0.4237,False
3182,Patagonia,1,0.5714,0,0.3982,False
3184,Patagonia,1,0.5714,0,0.3998,False
3185,Patagonia,1,0.5714,0,0.4044,False
3190,Patagonia,1,0.5714,0,0.4374,False
3192,Patagonia,1,0.5714,0,0.423,False
3194,Patagonia,1,0.5714,0,0.4115,False
3195,Patagonia,1,0.5714,0,0.4512,False
3196,Patagonia,1,0.7143,0,0.4537,False
3197,Patagonia,1,0.8571,0,0.4423,False
3198,Patagonia,1,0.5714,0,0.446,False
3199,Patagonia,0,0.2857,1,0.5025,False
3201,Patagonia,1,0.7143,0,0.4357,False
3202,Patagonia,1,0.5714,0,0.4232,False
3203,Patagonia,1,0.5714,0,0.4469,False
3205,Patagonia,1,0.5714,0,0.4454,False
3206,Patagonia,1,0.8571,0,0.4859,False
3207,Patagonia,1,0.5714,0,0.4829,False
3210,Patagonia,1,0.5714,0,0.4615,False
3212,Patagonia,1,0.7143,0,0.4378,False
3213,Patagonia,1,0.5714,0,0.4676,False
3216,Patagonia,1,0.5714,0,0.4954,False
3219,Patagonia,1,0.5714,0,0.4268,False
3220,Patagonia,1,0.5714,0,0.4273,False
3223,Patagonia,1,0.5714,0,0.4423,False
3225,Patagonia,1,0.5714,0,0.4103,False
3228,Patagonia,1,0.5714,0,0.4753,False
3229,Patagonia,1,0.7143,0,0.4591,False
3230,Patagonia,1,0.5714,0,0.4516,False
3231,Patagonia,1,0.5714,0,0.4524,False
3236,Patagonia,1,0.7143,0,0.4796,False
3237,Patagonia,1,0.5714,0,0.4218,False
3238,Patagonia,1,0.5714,0,0.4182,False
3239,Patagonia,1,0.8571,0,0.4712,False
3240,Patagonia,1,0.5714,0,0.4685,False
3244,Patagonia,1,0.5714,0,0.4373,False
3245,Patagonia,1,0.5714,0,0.4386,False
3247,Patagonia,1,0.7143,0,0.4761,False
3250,Patagonia,1,0.5714,0,0.4174,False
3251,Patagonia,1,0.7143,0,0.4325,False
3254,Patagonia,1,0.5714,0,0.4475,False
3267,Patagonia,1,0.5714,0,0.4617,False
3268,Patagonia,1,0.5714,0,0.4648,False
3269,Patagonia,1,0.7143,0,0.4576,False
3270,Patagonia,1,0.5714,0,0.4587,False
3272,Patagonia,1,0.5714,0,0.4243,False
3273,Patagonia,1,0.5714,0,0.4345,False
3274,Patagonia,1,0.7143,0,0.476,False
3276,Patagonia,1,0.5714,0,0.4869,False
3277,Patagonia,1,0.5714,0,0.4548,False
3279,Patagonia,1,0.5714,0,0.4876,False
3281,Patagonia,1,0.5714,0,0.4785,False
3282,Patagonia,1,0.5714,0,0.436,False
3286,Eileen Fisher,1,0.7143,0,0.4778,False
3291,Eileen Fisher,1,0.7143,0,0.4492,False
3298,Eileen Fisher,1,0.5714,0,0.4576,False
3301,Eileen Fisher,1,0.5714,0,0.4689,False
3302,Eileen Fisher,1,0.5714,0,0.4251,False
3303,Eileen Fisher,1,0.7143,0,0.4868,False
3304,Eileen Fisher,1,0.8571,0,0.4627,False
3307,Eileen Fisher,1,0.7143,0,0.4782,False
3310,Reformation,1,0.5714,0,0.4713,False
3312,Reformation,1,0.8571,0,0.4174,False
3313,Reformation,1,0.5714,0,0.4378,False
3314,Reformation,1,0.5714,0,0.4701,False
3316,Reformation,1,0.5714,0,0.4894,False
3317,Reformation,1,0.5714,0,0.4462,False
3325,Reformation,1,0.5714,0,0.4741,False
3326,Reformation,1,0.5714,0,0.4516,False
3327,Reformation,1,0.5714,0,0.3712,False
3328,Reformation,1,0.5714,0,0.3628,False
3329,Reformation,1,0.5714,0,0.3946,False
3330,Reformation,1,0.7143,0,0.4088,False
3331,Reformation,1,0.5714,0,0.4527,False
3332,Reformation,1,0.5714,0,0.4321,False
3333,Reformation,1,0.5714,0,0.4506,False
3334,Reformation,1,0.5714,0,0.466,False
3338,Reformation,1,0.5714,0,0.4355,False
3339,Reformation,1,0.7143,0,0.4628,False
3341,Reformation,1,0.5714,0,0.4294,False
3342,Reformation,1,0.5714,0,0.3901,False
3346,Reformation,1,0.5714,0,0.4263,False
3351,Reformation,1,0.5714,0,0.4923,False
3355,Reformation,1,0.5714,0,0.4704,False
3357,Reformation,1,0.7143,0,0.448,False
3358,Reformation,1,0.5714,0,0.4591,False
3359,Reformation,1,0.5714,0,0.4674,False
3360,Reformation,1,0.5714,0,0.4665,False
3361,Reformation,1,0.7143,0,0.4466,False
3362,Reformation,1,0.7143,0,0.445,False
3364,Reformation,1,0.5714,0,0.4456,False
3365,Reformation,1,0.7143,0,0.4613,False
3366,Reformation,1,0.7143,0,0.4544,False
3369,Reformation,1,0.5714,0,0.4965,False
3370,Reformation,1,0.5714,0,0.4679,False
3373,Reformation,1,0.8571,0,0.4804,False
3374,Reformation,1,0.7143,0,0.4915,False
3375,Reformation,1,0.7143,0,0.4934,False
3376,Reformation,1,0.7143,0,0.4865,False
3378,Reformation,1,0.5714,0,0.4796,False
3379,Reformation,0,0.4286,1,0.5628,False
3381,Reformation,1,0.7143,0,0.4927,False
3382,Reformation,1,0.5714,0,0.473,False
3383,Reformation,1,0.5714,0,0.4691,False
3384,Reformation,1,0.5714,0,0.424,False
3387,Reformation,1,0.5714,0,0.4803,False
3388,Reformation,1,0.5714,0,0.4991,False
3389,Reformation,1,0.5714,0,0.4997,False
3394,Reformation,1,0.5714,0,0.4608,False
3395,Reformation,1,0.5714,0,0.4726,False
3398,Reformation,1,0.5714,0,0.4679,False
3399,Reformation,1,0.7143,0,0.4718,False
3400,Reformation,1,0.7143,0,0.4948,False
3401,Reformation,1,0.8571,0,0.4997,False
3402,Reformation,1,0.5714,0,0.427,False
3403,Reformation,1,0.7143,0,0.4731,False
3404,Reformation,1,0.5714,0,0.4891,False
3405,Reformation,1,0.7143,0,0.4213,False
3406,Reformation,1,0.5714,0,0.4061,False
3407,Reformation,1,0.5714,0,0.4135,False
3408,Reformation,1,0.5714,0,0.4274,False
3410,Reformation,1,0.5714,0,0.4744,False
3415,Reformation,1,0.7143,0,0.4758,False
3420,Reformation,1,0.5714,0,0.4338,False
3421,Reformation,1,0.8571,0,0.4684,False
3425,Reformation,1,0.7143,0,0.4754,False
3426,Reformation,1,0.7143,0,0.4865,False
3428,Reformation,1,0.5714,0,0.4558,False
3429,Reformation,1,0.7143,0,0.4775,False
3430,Reformation,1,0.7143,0,0.4585,False
3431,Reformation,1,0.7143,0,0.4288,False
3432,Reformation,1,0.7143,0,0.4771,False
3433,Reformation,0,0.4286,1,0.5217,False
3436,Reformation,1,0.5714,0,0.4773,False
3441,Reformation,1,0.5714,0,0.3577,False
3442,Reformation,1,0.5714,0,0.4141,False
3443,Reformation,1,0.5714,0,0.4278,False
3448,Reformation,1,0.5714,0,0.4771,False
3449,Reformation,1,0.5714,0,0.4435,False
3451,Reformation,1,0.7143,0,0.4797,False
3452,Reformation,1,0.7143,0,0.4963,False
3456,Reformation,1,0.5714,0,0.4981,False
3457,Reformation,1,0.8571,0,0.4987,False
3458,Reformation,1,0.8571,0,0.4522,False
3467,Reformation,0,0.1429,1,0.5188,False
3475,Reformation,1,0.5714,0,0.4557,False
3477,Reformation,1,0.5714,0,0.419,False
3478,Reformation,1,0.5714,0,0.4456,False
3482,L'Oreal,0,0.4286,1,0.5629,False
3493,L'Oreal,0,0.2857,1,0.5887,False
3501,L'Oreal,0,0.4286,1,0.5012,False
3502,L'Oreal,1,0.5714,0,0.4186,False
3516,Unilever,0,0.2857,1,0.503,False
3530,Unilever,1,0.5714,0,0.4344,False
3546,Unilever,1,0.5714,0,0.426,False
3562,Unilever,0,0.2857,1,0.527,False
3572,Unilever,1,0.5714,0,0.4845,False
3573,Unilever,1,0.5714,0,0.4535,False
3574,Unilever,1,0.5714,0,0.4653,False
3575,Unilever,1,0.7143,0,0.4818,False
3576,Unilever,0,0.4286,1,0.5316,False
3582,Unilever,0,0.4286,1,0.5012,False
3588,Unilever,1,0.5714,0,0.4586,False
3589,Unilever,0,0.2857,1,0.502,False
3590,Unilever,0,0.4286,1,0.5259,False
3592,Unilever,1,0.5714,0,0.4674,False
3593,Unilever,1,0.5714,0,0.4965,False
3596,Unilever,0,0.2857,1,0.5198,False
3599,Unilever,0,0.2857,1,0.5418,False
3603,Unilever,1,0.5714,0,0.4669,False
3604,Unilever,1,0.5714,0,0.4158,False
3606,Unilever,1,0.5714,0,0.4641,False
3609,Unilever,1,0.8571,0,0.4801,False
3611,Unilever,1,0.8571,0,0.4615,False
3612,Unilever,1,0.5714,0,0.4702,False
3616,Unilever,1,0.5714,0,0.4591,False
3619,Unilever,1,0.5714,0,0.4667,False
3626,Unilever,1,0.5714,0,0.4739,False
3627,Unilever,1,0.5714,0,0.4978,False
3635,Unilever,1,0.5714,0,0.3932,False
3636,Unilever,1,0.5714,0,0.494,False
3639,Unilever,1,0.8571,0,0.4705,False
3641,Unilever,1,0.5714,0,0.4817,False
3642,Unilever,1,0.5714,0,0.4386,False
3653,Unilever,1,0.7143,0,0.4839,False
3658,Unilever,0,0.4286,1,0.5058,False
3660,Unilever,1,0.7143,0,0.4483,False
3661,Unilever,0,0.2857,1,0.5027,False
3663,Unilever,1,0.7143,0,0.4997,False
3664,Unilever,1,0.5714,0,0.483,False
3666,Unilever,1,0.5714,0,0.4911,False
3667,Unilever,1,0.5714,0,0.4699,False
3668,Unilever,1,0.7143,0,0.4551,False
3669,Unilever,1,0.8571,0,0.4771,False
3670,Unilever,1,0.5714,0,0.4948,False
3673,Unilever,1,0.5714,0,0.4373,False
3674,Unilever,1,0.5714,0,0.4769,False
3675,Unilever,1,0.5714,0,0.4395,False
3678,Unilever,1,0.7143,0,0.4578,False
3679,Unilever,1,0.7143,0,0.4553,False
3689,Unilever,1,0.5714,0,0.4775,False
3697,Unilever,1,0.5714,0,0.4406,False
3698,Unilever,1,0.5714,0,0.4239,False
3710,Unilever,1,0.5714,0,0.4523,False
3711,Unilever,1,0.5714,0,0.4499,False
3718,Unilever,1,0.5714,0,0.4011,False
3719,Unilever,1,0.5714,0,0.4564,False
3733,Unilever,1,0.5714,0,0.4634,False
3734,Unilever,1,0.5714,0,0.3943,False
3735,Unilever,1,0.5714,0,0.4266,False
3748,Unilever,1,0.7143,0,0.4272,False
3758,Unilever,1,0.5714,0,0.4802,False
3759,Unilever,1,0.5714,0,0.4345,False
3760,Unilever,1,0.7143,0,0.443,False
3778,Unilever,1,0.5714,0,0.4642,False
3779,Unilever,1,0.5714,0,0.4923,False
3782,Unilever,1,0.5714,0,0.4451,False
3783,Unilever,1,0.5714,0,0.4906,False
3784,Unilever,1,0.5714,0,0.4883,False
3785,Unilever,0,0.4286,1,0.5053,False
3802,Unilever,0,0.4286,1,0.5326,False
3803,Unilever,1,0.5714,0,0.4818,False
3804,Unilever,1,0.5714,0,0.4927,False
3807,Unilever,1,0.5714,0,0.4639,False
3808,Unilever,1,0.5714,0,0.4596,False
3811,Unilever,1,0.5714,0,0.4426,False
3815,Unilever,1,0.5714,0,0.4849,False
3816,Unilever,0,0.4286,1,0.5592,False
3824,Unilever,0,0.2857,1,0.5319,False
3825,Unilever,1,0.5714,0,0.4915,False
3826,Unilever,1,0.5714,0,0.481,False
3828,Unilever,1,0.5714,0,0.4405,False
3850,Unilever,1,0.5714,0,0.4844,False
3851,Unilever,1,0.5714,0,0.4975,False
3852,Unilever,1,0.7143,0,0.4741,False
3853,Unilever,1,0.7143,0,0.4855,False
3856,Unilever,1,0.5714,0,0.4506,False
3859,Unilever,1,0.5714,0,0.4948,False
3860,Unilever,1,0.7143,0,0.474,False
3866,Unilever,1,0.5714,0,0.4344,False
3888,Unilever,1,0.5714,0,0.4656,False
3895,Unilever,1,0.5714,0,0.4635,False
3896,Unilever,1,0.5714,0,0.4451,False
3902,Unilever,1,0.7143,0,0.456,False
3905,Unilever,1,0.7143,0,0.44,False
3908,Unilever,0,0.4286,1,0.507,False
3917,Unilever,1,0.7143,0,0.4551,False
3921,Unilever,0,0.4286,1,0.5005,False
3924,Unilever,1,0.5714,0,0.4443,False
3931,Unilever,1,0.5714,0,0.4483,False
3934,Unilever,1,0.8571,0,0.4957,False
3936,Unilever,1,1.0,0,0.4841,False
3941,Unilever,1,0.7143,0,0.4068,False
3945,Unilever,1,0.5714,0,0.4381,False
3967,Unilever,1,0.5714,0,0.4726,False
3974,Unilever,0,0.2857,1,0.5062,False
3983,Unilever,0,0.2857,1,0.5241,False
3986,Unilever,0,0.4286,1,0.5027,False
3996,Sephora,0,0.2857,1,0.5231,False
3997,Sephora,0,0.2857,1,0.5599,False
3998,Sephora,0,0.2857,1,0.5249,False
3999,Sephora,0,0.2857,1,0.5031,False
4001,Sephora,0,0.2857,1,0.5273,False
4003,Sephora,0,0.2857,1,0.5101,False
4006,Sephora,0,0.2857,1,0.5145,False
4007,Sephora,0,0.2857,1,0.5302,False
4008,Sephora,0,0.4286,1,0.563,False
4009,Sephora,0,0.2857,1,0.5251,False
4011,Sephora,0,0.2857,1,0.5159,False
4012,Sephora,0,0.2857,1,0.5229,False
4014,Sephora,1,0.5714,0,0.4587,False
4015,Sephora,0,0.2857,1,0.5157,False
4016,Sephora,0,0.4286,1,0.5786,False
4017,Sephora,0,0.4286,1,0.5468,False
4019,Sephora,0,0.4286,1,0.5975,False
4020,Sephora,0,0.2857,1,0.6004,False
4021,Sephora,0,0.1429,1,0.6179,False
4022,Sephora,0,0.2857,1,0.5142,False
4025,Sephora,0,0.4286,1,0.5113,False
4029,Sephora,0,0.2857,1,0.505,False
4030,Sephora,0,0.2857,1,0.5265,False
4038,Sephora,0,0.2857,1,0.5037,False
4040,Sephora,0,0.4286,1,0.5037,False
4041,Sephora,0,0.4286,1,0.5008,False
4043,Sephora,0,0.2857,1,0.5401,False
4046,Sephora,0,0.2857,1,0.5248,False
4047,Sephora,0,0.2857,1,0.5028,False
4048,Sephora,0,0.4286,1,0.568,False
4051,Sephora,0,0.2857,1,0.5627,False
4052,Sephora,0,0.4286,1,0.5051,False
4053,Sephora,0,0.4286,1,0.53,False
4054,Sephora,1,0.5714,0,0.4953,False
4070,Sephora,0,0.2857,1,0.5542,False
4071,Sephora,0,0.2857,1,0.527,False
4077,Sephora,0,0.4286,1,0.5447,False
4098,Sephora,1,0.7143,0,0.4501,False
4099,Sephora,1,0.5714,0,0.4811,False
4100,Sephora,0,0.4286,1,0.5137,False
4101,Sephora,0,0.4286,1,0.5109,False
4102,Sephora,0,0.4286,1,0.5229,False
4103,Sephora,1,0.5714,0,0.4573,False
4104,Sephora,1,0.5714,0,0.3911,False
4105,Sephora,1,0.5714,0,0.4481,False
4111,Sephora,0,0.2857,1,0.5472,False
4117,Sephora,0,0.2857,1,0.5221,False
4151,Lush,1,0.5714,0,0.4236,False
4154,Lush,1,0.7143,0,0.4305,False
4156,Lush,1,0.5714,0,0.431,False
4158,Lush,1,0.5714,0,0.4771,False
4162,Lush,1,0.5714,0,0.456,False
4163,Lush,1,0.8571,0,0.4819,False
4164,Lush,1,0.7143,0,0.438,False
4165,Lush,1,0.7143,0,0.42,False
4168,Lush,1,0.5714,0,0.456,False
4180,Lush,1,0.5714,0,0.4822,False
4182,Lush,1,0.5714,0,0.4324,False
4188,Lush,1,0.5714,0,0.4499,False
4191,Lush,1,0.5714,0,0.4905,False
4200,Lush,1,0.5714,0,0.4995,False
4204,Lush,1,0.5714,0,0.4417,False
4210,L'Occitane,0,0.4286,1,0.5287,False
4215,L'Occitane,1,0.7143,0,0.4937,False
4217,L'Occitane,0,0.2857,1,0.5,False
4220,L'Occitane,1,0.7143,0,0.4582,False
4221,L'Occitane,1,0.7143,0,0.4962,False
4222,L'Occitane,1,0.5714,0,0.4437,False
4225,L'Occitane,0,0.2857,1,0.5471,False
4236,L'Occitane,1,0.7143,0,0.4283,False
4237,L'Occitane,1,0.7143,0,0.4345,False
4238,L'Occitane,1,0.7143,0,0.452,False
4243,L'Occitane,1,1.0,0,0.4963,False
4244,L'Occitane,1,0.7143,0,0.4926,False
4249,L'Occitane,0,0.4286,1,0.5473,False
4250,L'Occitane,0,0.2857,1,0.5045,False
4257,L'Occitane,1,0.5714,0,0.4685,False
4262,L'Occitane,1,0.5714,0,0.4862,False
4271,L'Occitane,1,0.5714,0,0.4617,False
4280,L'Occitane,0,0.4286,1,0.5046,False
4286,L'Occitane,1,0.5714,0,0.4745,False
4287,L'Occitane,1,0.5714,0,0.477,False
4291,L'Occitane,1,0.5714,0,0.4862,False
4292,L'Occitane,1,0.7143,0,0.493,False
4298,L'Occitane,1,0.5714,0,0.4775,False
4301,L'Occitane,1,0.5714,0,0.4407,False
4302,L'Occitane,1,0.5714,0,0.418,False
4309,L'Occitane,1,0.5714,0,0.4862,False
4312,L'Occitane,1,0.5714,0,0.4735,False
4316,L'Occitane,1,0.7143,0,0.4854,False
4317,L'Occitane,1,0.8571,0,0.4922,False
4318,L'Occitane,1,0.5714,0,0.4657,False
4320,L'Occitane,0,0.2857,1,0.5309,False
4321,L'Occitane,0,0.4286,1,0.5147,False
4328,L'Occitane,1,0.5714,0,0.4325,False
4339,L'Occitane,0,0.4286,1,0.5049,False
4340,L'Occitane,0,0.4286,1,0.5073,False
4341,L'Occitane,0,0.4286,1,0.5501,False
4343,L'Occitane,1,0.5714,0,0.4963,False
4344,L'Occitane,1,0.5714,0,0.4875,False
4347,L'Occitane,1,0.5714,0,0.4832,False
4352,L'Occitane,1,0.5714,0,0.4928,False
4355,L'Occitane,0,0.4286,1,0.5015,False
4357,L'Occitane,0,0.4286,1,0.5092,False
4358,L'Occitane,0,0.4286,1,0.5082,False
4359,L'Occitane,0,0.2857,1,0.5041,False
4360,L'Occitane,0,0.4286,1,0.5224,False
4361,L'Occitane,0,0.4286,1,0.5101,False
4368,L'Occitane,1,0.5714,0,0.4973,False
4370,L'Occitane,0,0.4286,1,0.5107,False
4371,L'Occitane,0,0.4286,1,0.5051,False
4374,L'Occitane,0,0.4286,1,0.5231,False
4384,L'Occitane,0,0.4286,1,0.5259,False
4386,L'Occitane,1,0.5714,0,0.4847,False
4387,L'Occitane,1,0.5714,0,0.4897,False
4388,L'Occitane,0,0.2857,1,0.5018,False
4389,L'Occitane,1,0.5714,0,0.4962,False
4392,L'Occitane,0,0.2857,1,0.5113,False
4393,L'Occitane,1,0.5714,0,0.4816,False
4398,L'Occitane,1,0.7143,0,0.4771,False
4399,L'Occitane,1,0.7143,0,0.4908,False
4401,L'Occitane,1,0.5714,0,0.4968,False
4403,L'Occitane,0,0.2857,1,0.505,False
4411,L'Occitane,1,0.5714,0,0.4694,False
4412,L'Occitane,0,0.4286,1,0.5215,False
4415,L'Occitane,1,0.5714,0,0.4802,False
4423,L'Occitane,0,0.2857,1,0.5129,False
4424,L'Occitane,1,0.5714,0,0.4503,False
4431,L'Occitane,1,0.7143,0,0.4836,False
4435,L'Occitane,1,0.5714,0,0.4903,False
4440,L'Occitane,1,0.5714,0,0.4858,False
4442,L'Occitane,0,0.1429,1,0.5054,False
4443,L'Occitane,0,0.1429,1,0.5424,False
4444,L'Occitane,0,0.4286,1,0.5339,False
4447,L'Occitane,1,0.5714,0,0.4566,False
4475,L'Occitane,0,0.2857,1,0.5017,False
4477,L'Occitane,0,0.2857,1,0.5226,False
4478,L'Occitane,0,0.4286,1,0.5357,False
4479,L'Occitane,0,0.4286,1,0.5402,False
